"Reference","Qty","Value","DNP","Exclude from BOM","Exclude from Board","Datasheet","Manufacturer","LCSC","Description"
"C1,C3,C7,C9,C11","5","4.7uF 50V X7S 0805","","","","https://wmsc.lcsc.com/wmsc/upload/file/pdf/v2/lcsc/2308111526_Murata-Electronics-GRT21BC71H475KE13L_C3861036.pdf","muRata(村田)","C3861036","GRT21BC71H475KE13L"
"C2,C12","2","100nF 250V X7R 0805","","","","https://wmsc.lcsc.com/wmsc/upload/file/pdf/v2/lcsc/2211281000_YAGEO-CC0805KKX7RYBB104_C5182461.pdf","YAGEO(国巨)","C5182461","CC0805KKX7RYBB104"
"C4","1","47uF, 80 V","","","","https://wmsc.lcsc.com/wmsc/upload/file/pdf/v2/lcsc/2208301730_Lelon-HBV470M1KTR-1010_C3031594.pdf","Lelon(立隆)","C3031594","HBV470M1KTR-1010"
"C5,C6","2","1nF (102) ±10% 50V","","","","https://www.lcsc.com/datasheet/lcsc_datasheet_2304140030_Samsung-Electro-Mechanics-CL21B102KBCNNNC_C46653.pdf","SAMSUNG(三星)","C46653","1nF (102) ±10% 50V"
"C8,C10","2","20pF 50V C0G 0805","","","","https://www.lcsc.com/datasheet/lcsc_datasheet_2304140030_FH--Guangdong-Fenghua-Advanced-Tech-0805CG200F500NT_C176292.pdf","FH(风华)","C176292","CAP CER 20pF 50V C0G 0805"
"D1","1","TVS DIODE 60VWM 96.8VC SMB(DO-214AA)","","","","https://www.lcsc.com/datasheet/C49066953.pdf?spm=wm.sxq.inf.ggs___wm.fly.bg.7.xh&lcsc_vid=FANbVFRST1hfU1JfR1ZbXlBfEgcPVgcEQgNYBlVSEwAxVlNeQlBaXlFfQ1JYXjsOAxUeFF5JWBYZEEoKFBINSQcJGk4eFQsCAgIaSgADAwAHC0slRlRfVVBRWQkaCgg%3D","R+O(宏嘉诚)","C49066953","SMBJ60A TVS"
"H1,H2,H3,H4","4","MountingHole_Pad","","","","~","","C2916333","Mounting Hole with connection"
"J1,J4,J5,J6","4","HX PM2.54-1X4P TP H8.5-ZQ","","","","https://www.lcsc.com/datasheet/lcsc_datasheet_2504301452_hanxia-HX-PM2-54-1x4P-TP-H8-5-ZQ_C48641754.pdf","hanxia(韩下)","C48641754","HX PM2.54-1X4P TP H8.5-ZQ"
"J2,J3,J7,J8","4","TS30050050-040","","","","None","XFCN(兴飞)","C51018168","TS30050050-040"
"LOGO1","1","N/A","","","","N/A","","","Fairflow Energy Logo"
"Q1,Q2,Q3,Q4","4","SP010N01BGHTO","","","","https://wmsc.lcsc.com/wmsc/upload/file/pdf/v2/lcsc/2404191548_Siliup-SP010N01BGHTO_C22385350.pdf","Siliup(矽普)","C22385350","SP010N01BGHTO"
"R1","1","47kΩ ±0.1% 125mW 0805","","","","https://wmsc.lcsc.com/wmsc/upload/file/pdf/v2/lcsc/2207251830_UNI-ROYAL-Uniroyal-Elec-TC0525B4702T5G_C2989281.pdf","UNI-ROYAL(厚声)","C2989281","TC0525B4702T5G"
"R2","1","12.1kΩ_±0.1%_125mW_0805","","","","https://www.lcsc.com/datasheet/C1509644.pdf?spm=wm.sxq.inf.ggs___wm.fly.bg.0.xh&lcsc_vid=TgBeUVVQE1gPXlUAFQILUFRVRlQIBFwCTgQLUAcERVQxVlNeQ1ZfUV1RQFJdUzsOAxUeFF5JWBYZEEoKFBINSQcJGk4NBhADEA4cHktXRlhXSQwSGg0%3D","Viking","C1509644","ARG05BTC1212N"
"R3","1","1MΩ (1004) ±1%","","","","https://www.lcsc.com/datasheet/lcsc_datasheet_2206010200_UNI-ROYAL-Uniroyal-Elec-0805W8F1004T5E_C17514.pdf","UNI-ROYAL(厚声)","C17514","1MΩ (1004) ±1%"
"R4","1","25.5KΩ (2552) ±1%","","","","https://www.lcsc.com/datasheet/lcsc_datasheet_2206010000_UNI-ROYAL-Uniroyal-Elec-0805W8F2552T5E_C46670.pdf","UNI-ROYAL(厚声)","C46670","25.5KΩ (2552) ±1%"
"R5","1","0.5mΩ ±1% 3W 2512","","","","https://wmsc.lcsc.com/wmsc/upload/file/pdf/v2/lcsc/2304140030_TA-I-Tech-RLM25FEGMR50M_C710260.pdf","大毅科技","C710260","RLM25FEGMR50M"
"R6,R7","2","10kΩ ±0.1% 125mW 0805","","","","https://wmsc.lcsc.com/wmsc/upload/file/pdf/v2/lcsc/2307211812_UNI-ROYAL-Uniroyal-Elec-TC0525B1002T5G_C7431042.pdf","UNI-ROYAL(厚声)","C7431042","TC0525B1002T5G"
"R8,R9,R14,R15","4","3.3Ω ±5% 1W 2512","","","","https://www.lcsc.com/datasheet/C55115149.pdf?spm=wm.sxq.inf.ggs___wm.fly.bg.0.xh&lcsc_vid=Q1VXVl1XEgNWVQEDRwBXU1MEElRaVFwAQgdfVFZQR1gxVlNeRFhbUVxTTlBYXzsOAxUeFF5JWBYZEEoKFBINSQcJGk4eFQsCAgIaSgADAwAHC0slQlBWVVBQRk8GEwkK","HWA CHN","C55115149","HRC2512J3R3 LNTN"
"R10,R11,R16,R17","4","10kΩ ±1% 0805","","","","https://wmsc.lcsc.com/wmsc/upload/file/pdf/v2/lcsc/2308241947_FOJAN-FRC0805F1002TS_C2907219.pdf","FOJAN(富捷)","C2907219","FRC0805F1002TS"
"R12,R13","2","330kΩ ±0.1% 125mW 0805","","","","https://wmsc.lcsc.com/wmsc/upload/file/pdf/v2/lcsc/2311211102_YAGEO-RT0805BRD07330KL_C865408.pdf","YAGEO(国巨)","C865408","RT0805BRD07330KL"
"TP1,TP2,TP3,TP4,TP5,TP6,TP7,TP8,TP9,TP10,TP11,TP12,TP13,TP14,TP15,TP16,TP17,TP18,TP19,TP20,TP21","21","TestPoint_Probe","","","","~","","","test point (alternative probe-style design)"
"U1,U5","2","UCC27211DDAR","","","","https://www.lcsc.com/datasheet/lcsc_datasheet_1808280155_Texas-Instruments-UCC27211DDAR_C141980.pdf","TI(德州仪器)","C141980","UCC27211DDAR"
"U2,U3,U4","3","10 MHz Opamp","","","","https://www.lcsc.com/datasheet/lcsc_datasheet_1912111437_Texas-Instruments-TLV9061IDBVR_C398358.pdf","TI(德州仪器)","C398358","TLV9061IDBVR"
